obj_name,campaign,ap_start,ap_end,count,EPIC_ID,main_type,sub_type,new_obj_name,clean_name,alternate_names
C9 Microlense Survey,91|92,200069411,200071158,3496,,C9 Microlens Survey,,C9 Microlense Survey,C9 Microlense Survey,
Asteroid.Trojan.Leucus,111|112,200125327,200145290,2999,,asteroid-Trojan,Leucus,Asteroid.Trojan.Leucus,Leucus,11351|1997 TS25|Leucus
Comet C/2013 A1 (Siding Springs),2,200001787,200004369,2583,,comet,Comet C/2013 A1 (Siding Springs),Comet C/2013 A1 (Siding Springs),C/2013 A1 (Siding Springs),
Comet.67P/Churyumov-Gerasimenko,10,200081804,200084003,2200,,comet,67P/Churyumov-Gerasimenko,Comet.67P/Churyumov-Gerasimenko,67P/Churyumov-Gerasimenko,
Asteroid.Ryugu,15,200193072,200194787,1716,,,,Asteroid.Ryugu,Ryugu,162173|Ryugu|1999 JU3
Asteroid.Trojan.2001 DU87,111|112,200113657,200134731,1700,,asteroid-Trojan,2001 DU87,Asteroid.Trojan.2001 DU87,2001 DU87,2001 DU87|63291
Asteroid.Trojan.2001 SE182,111|112,200118031,200138874,1592,,asteroid-Trojan,2001 SE182,Asteroid.Trojan.2001 SE182,2001 SE182,156085|2001 SE182
Asteroid.Trojan.1999 XM193,111|112,200109156,200131695,1573,,asteroid-Trojan,1999 XM193,Asteroid.Trojan.1999 XM193,1999 XM193,1999 XM193|20739
Asteroid.Trojan.2001 OB100,111|112,200114979,200135824,1566,,asteroid-Trojan,2001 OB100,Asteroid.Trojan.2001 OB100,2001 OB100,2001 OB100|39301
Asteroid.Trojan.Tuckia,111|112,200128178,200147343,1464,,asteroid-Trojan,Tuckia,Asteroid.Trojan.Tuckia,Tuckia,1038|1924 TK|Tuckia
Asteroid.Trojan.1999 CL153,111|112,200108462,200130951,1373,,asteroid-Trojan,1999 CL153,Asteroid.Trojan.1999 CL153,1999 CL153,1999 CL153|59355
Comet.Chiron,12,200161173,200164266,1350,,comet,Chiron,Comet.Chiron,Chiron,1977 UB|2060|Chiron
TNO (250112) 2002 KY14,4,200006425,200007764,1340,,TNO, (250112) 2002 KY14,TNO (250112) 2002 KY14,250112,250112|2002 KY14
Comet.176P,12,200147538,200148831,1294,,comet,176P,Comet.176P,176P,
TNO.1999 TS40,8,200063238,200064506,1269,,TNO,1999 TS40,TNO.1999 TS40,1999 TS40,1999 TS40|20628
Comet.228P,12,200158279,200159543,1265,,comet,228P,Comet.228P,228P,
Asteroid.Trojan.1981 EK47,12,200148832,200150087,1256,,asteroid-Trojan,1981 EK47,Asteroid.Trojan.1981 EK47,1981 EK47,1981 EK47|30764
TNO.2007 RY194,8,200066687,200067921,1235,,TNO,2007 RY194,TNO.2007 RY194,2007 RY194,2007 RY194|402869
Asteroid.Trojan.2001 UK113,12,200155327,200156554,1228,,asteroid-Trojan,2001 UK113,Asteroid.Trojan.2001 UK113,2001 UK113,2001 UK113|55505
Asteroid.Trojan.2000 WW146,13,200169492,200170705,1214,,asteroid-Trojan,2000 WW146,Asteroid.Trojan.2000 WW146,2000 WW146,193449|2000 WW146
Asteroid.Hilda.2004 TN126,10,200077913,200079072,1160,,asteroid-Hilda,2004 TN126,Asteroid.Hilda.2004 TN126,2004 TN126,152133|2004 TN126
TNO.Quaoar,91|92,200068780,200069356,1154,,TNO,Quaoar,TNO.Quaoar,Quaoar,2002 LM60|50000|Quaoar
Asteroid.Trojan.1999 XS226,111|112,200109985,200132251,1115,,asteroid-Trojan,1999 XS226,Asteroid.Trojan.1999 XS226,1999 XS226,162352|1999 XS226
Asteroid.Hilda.1992 ET32,10,200072855,200073967,1113,,asteroid-Hilda,1992 ET32,Asteroid.Hilda.1992 ET32,1992 ET32,1992 ET32|43818
Asteroid.Trojan.Ialmenus,111|112,200124693,200143749,1112,,asteroid-Trojan,Ialmenus,Asteroid.Trojan.Ialmenus,Ialmenus,1998 YW1|21602|Ialmenus
Asteroid.Trojan.2001 OR24,111|112,200116820,200137412,1112,,asteroid-Trojan,2001 OR24,Asteroid.Trojan.2001 OR24,2001 OR24,124174|2001 OR24
Comet.90P,12,200159544,200160634,1091,,comet,90P,Comet.90P,90P,
Asteroid.Hilda.2000 DV76,10,200076283,200077338,1056,,asteroid-Hilda,2000 DV76,Asteroid.Hilda.2000 DV76,2000 DV76,2000 DV76|92284
TNO.2006 UB219,8,200065666,200066686,1021,,TNO,2006 UB219,TNO.2006 UB219,2006 UB219,185290|2006 UB219
Asteroid.Trojan.2000 DY4,111|112,200111766,200133457,988,,asteroid-Trojan,2000 DY4,Asteroid.Trojan.2000 DY4,2000 DY4,2000 DY4|41427
Asteroid.Hilda.2000 DP99,10,200074497,200075480,984,,asteroid-Hilda,2000 DP99,Asteroid.Hilda.2000 DP99,2000 DP99,148227|2000 DP99
Comet.246P,13,200172597,200173563,967,,comet,246P,Comet.246P,246P,
Comet.17P,14,200176225,200177187,963,,comet,17P,Comet.17P,17P,
Asteroid.Trojan.1998 XA13,111|112,200107527,200129842,955,,asteroid-Trojan,1998 XA13,Asteroid.Trojan.1998 XA13,1998 XA13,1998 XA13|23968
Asteroid.Trojan.2001 OP94,111|112,200116360,200136853,921,,asteroid-Trojan,2001 OP94,Asteroid.Trojan.2001 OP94,2001 OP94,158158|2001 OP94
TROJAN (15529),6,200046167,200047086,920,,asteroid-Trojan, (15529),TROJAN (15529),15529,15529|2000 AA80
Asteroid.Trojan.2000 QT59,12,200151470,200152384,915,,asteroid-Trojan,2000 QT59,Asteroid.Trojan.2000 QT59,2000 QT59,130453|2000 QT59
Asteroid.Trojan.2001 TG218,12,200153529,200154436,908,,asteroid-Trojan,2001 TG218,Asteroid.Trojan.2001 TG218,2001 TG218,2001 TG218|83801
Asteroid.Trojan.1998 XX93,111|112,200108007,200130272,885,,asteroid-Trojan,1998 XX93,Asteroid.Trojan.1998 XX93,1998 XX93,11397|1998 XX93
Asteroid.Hilda.Chijagerbs,10,200084012,200084870,859,,asteroid-Hilda,Chijagerbs,Asteroid.Hilda.Chijagerbs,Chijagerbs,16232|2000 ED152|Chijagerbs
Asteroid.Trojan.2002 EX154,111|112,200119241,200139715,832,,asteroid-Trojan,2002 EX154,Asteroid.Trojan.2002 EX154,2002 EX154,2002 EX154|258683
Asteroid.Trojan.Lipperhey,12,200163044,200163874,831,,asteroid-Trojan,Lipperhey,Asteroid.Trojan.Lipperhey,Lipperhey,1998 HX147|31338|Lipperhey
Asteroid.Hilda.2005 VZ17,10,200079669,200080499,831,,asteroid-Hilda,2005 VZ17,Asteroid.Hilda.2005 VZ17,2005 VZ17,177943|2005 VZ17
TROJAN (13372),6,200044895,200045697,803,,asteroid-Trojan, (13372),TROJAN (13372),13372,13372|1998 VU6
Asteroid.Hilda.2000 DS8,10,200075481,200076282,802,,asteroid-Hilda,2000 DS8,Asteroid.Hilda.2000 DS8,2000 DS8,2000 DS8|92281
Asteroid.Hilda.2005 UR38,10|15,200079073,200187527,785,,asteroid-Hilda,2005 UR38,Asteroid.Hilda.2005 UR38,2005 UR38,161606|2005 UR38
Asteroid.Trojan.2008 SG182,111|112,200122158,200141840,778,,asteroid-Trojan,2008 SG182,Asteroid.Trojan.2008 SG182,2008 SG182,2008 SG182|207892
Comet.130P,15,200183159,200183930,772,,comet,130P,Comet.130P,130P,
Asteroid.Trojan.2001 PJ4,111|112,200117373,200137794,763,,asteroid-Trojan,2001 PJ4,Asteroid.Trojan.2001 PJ4,2001 PJ4,2001 PJ4|217032
Asteroid.Hilda.1988 RO12,10|15,200071712,200184740,749,,asteroid-Hilda,1988 RO12,Asteroid.Hilda.1988 RO12,1988 RO12,1988 RO12|90704
TROJAN (39301),6,200053051,200053781,731,,asteroid-Trojan, (39301),TROJAN (39301),39301,2001 OB100|39301
TROJAN (23939),6,200049196,200049925,730,,asteroid-Trojan, (23939),TROJAN (23939),23939,1998 TV33|23939
TNO.469505,15,200191605,200192327,723,,TNO,469505,TNO.469505,469505,2003 FE128|469505
TROJAN (13366),6,200044184,200044894,711,,asteroid-Trojan, (13366),TROJAN (13366),13366,13366|1998 US24
TNO.1999 VG135,8,200064507,200065199,693,,TNO,1999 VG135,TNO.1999 VG135,1999 VG135,1999 VG135|202992
Asteroid.Trojan.2008 RR51,12,200156943,200157633,691,,asteroid-Trojan,2008 RR51,Asteroid.Trojan.2008 RR51,2008 RR51,2008 RR51|216411
Trojan 2001 SM251,7,200061463,200062140,678,,asteroid-Trojan, 2001 SM251,Trojan 2001 SM251,2001 SM251,2001 SM251|77893
Asteroid.Trojan.2001 OH76,111|112,200116032,200136392,670,,asteroid-Trojan,2001 OH76,Asteroid.Trojan.2001 OH76,2001 OH76,2001 OH76|77734
TNO (278361) 2007 JJ43,2,200001126,200001786,661,,TNO, (278361) 2007 JJ43,TNO (278361) 2007 JJ43,TNO (278361 2007 JJ43,
TNO.160147,15,200183931,200184585,655,,TNO,160147,TNO.160147,160147,160147|2001 KN76
Asteroid.Hilda.1989 VW,10|15,200072306,200185004,644,,asteroid-Hilda,1989 VW,Asteroid.Hilda.1989 VW,1989 VW,1989 VW|7284
TNO.2013 JV65,15,200188972,200189607,636,,TNO,2013 JV65,TNO.2013 JV65,2013 JV65,2013 JV65
Asteroid.Trojan.Kamerlingh,12,200162431,200163043,613,,asteroid-Trojan,Kamerlingh,Asteroid.Trojan.Kamerlingh,Kamerlingh,1993 TE40|58279|Kamerlingh
Asteroid.Trojan.2001 SM251,12,200152578,200153187,610,,asteroid-Trojan,2001 SM251,Asteroid.Trojan.2001 SM251,2001 SM251,2001 SM251|77893
Asteroid.Trojan.2000 KJ1,111|112,200112364,200133871,608,,asteroid-Trojan,2000 KJ1,Asteroid.Trojan.2000 KJ1,2000 KJ1,2000 KJ1|27561
Moon.Enceladus,111|112,200124091,200142897,607,,moon,Enceladus,Moon.Enceladus,Enceladus,
Asteroid.Trojan.2002 TE13,111|112,200120529,200140688,603,,asteroid-Trojan,2002 TE13,Asteroid.Trojan.2002 TE13,2002 TE13,142470|2002 TE13
Asteroid.Trojan.Phyleus,111|112,200127609,200146320,600,,asteroid-Trojan,Phyleus,Asteroid.Trojan.Phyleus,Phyleus,1973 SZ|39463|Phyleus
TNO.2001 HZ58,15,200186324,200186919,596,,TNO,2001 HZ58,TNO.2001 HZ58,2001 HZ58,2001 HZ58
TNO.2003 FC128,10,200077339,200077912,574,,TNO,2003 FC128,TNO.2003 FC128,2003 FC128,127871|2003 FC128
TNO (126154) 2001 YH140,5,200008716,200009280,565,,TNO, (126154) 2001 YH140,TNO (126154) 2001 YH140,126154,126154|2001 YH140
TROJAN (24534),6,200050619,200051168,550,,asteroid-Trojan, (24534),TROJAN (24534),24534,2001 CX27|24534
TNO.2014 WO509,14,200178313,200178857,545,,TNO,2014 WO509,TNO.2014 WO509,2014 WO509,2014 WO509
Asteroid.Trojan.1989 CW1,111|112,200107039,200129301,542,,asteroid-Trojan,1989 CW1,Asteroid.Trojan.1989 CW1,1989 CW1,1989 CW1|5209
Asteroid.Trojan.1998 KZ12,12,200150337,200150876,540,,asteroid-Trojan,1998 KZ12,Asteroid.Trojan.1998 KZ12,1998 KZ12,1998 KZ12|65989
Asteroid.Trojan.Anchialos,111|112,200123827,200142603,537,,asteroid-Trojan,Anchialos,Asteroid.Trojan.Anchialos,Anchialos,18263|5167 T-2|Anchialos
Asteroid.Trojan.2000 BQ21,111|112,200110884,200132853,534,,asteroid-Trojan,2000 BQ21,Asteroid.Trojan.2000 BQ21,2000 BQ21,2000 BQ21|60401
TNO.2011 JF31,15,200188440,200188971,532,,TNO,2011 JF31,TNO.2011 JF31,2011 JF31,2011 JF31|471318
Asteroid.Trojan.2002 EQ149,111|112,200118976,200139295,532,,asteroid-Trojan,2002 EQ149,Asteroid.Trojan.2002 EQ149,2002 EQ149,141523|2002 EQ149
TNO.1999 DE9,10,200073968,200074496,529,,TNO,1999 DE9,TNO.1999 DE9,1999 DE9,1999 DE9|26375
TROJAN (16152),6,200047329,200047846,518,,asteroid-Trojan, (16152),TROJAN (16152),16152,16152|1999 YN12
Asteroid.Trojan.1999 XJ55,15,200185207,200185715,509,,asteroid-Trojan,1999 XJ55,Asteroid.Trojan.1999 XJ55,1999 XJ55,1999 XJ55|247019
Asteroid.Trojan.2008 VE11,13,200171847,200172355,509,,asteroid-Trojan,2008 VE11,Asteroid.Trojan.2008 VE11,2008 VE11,2008 VE11|403237
Asteroid.Trojan.2009 QB22,111|112,200122756,200142170,503,,asteroid-Trojan,2009 QB22,Asteroid.Trojan.2009 QB22,2009 QB22,2009 QB22|264029
TNO.80806,14,200181221,200181722,502,,TNO,80806,TNO.80806,80806,2000 CM105|80806
TNO.2014 WA510,14,200177657,200178151,495,,TNO,2014 WA510,TNO.2014 WA510,2014 WA510,2014 WA510
TROJAN (46302),6,200054181,200054673,493,,asteroid-Trojan, (46302),TROJAN (46302),46302,2001 OG13|46302
TNO.2010 ET65,10,200080834,200081324,491,,TNO,2010 ET65,TNO.2010 ET65,2010 ET65,2010 ET65|471137
Asteroid.Trojan.2001 FV58,111|112,200114497,200134976,490,,asteroid-Trojan,2001 FV58,Asteroid.Trojan.2001 FV58,2001 FV58,107804|2001 FV58
Asteroid.Trojan.2001 OG13,111|112,200115771,200136050,487,,asteroid-Trojan,2001 OG13,Asteroid.Trojan.2001 OG13,2001 OG13,2001 OG13|46302
Asteroid.Trojan.2001 TQ142,12,200154845,200155326,482,,asteroid-Trojan,2001 TQ142,Asteroid.Trojan.2001 TQ142,2001 TQ142,2001 TQ142|77903
TNO.2010 FC49,10,200081325,200081803,479,,TNO,2010 FC49,TNO.2010 FC49,2010 FC49,2010 FC49|471150
TROJAN (65257),6,200058563,200059040,478,,asteroid-Trojan, (65257),TROJAN (65257),65257,2002 FU36|65257
Asteroid.Trojan.2002 GD118,111|112,200119653,200139953,476,,asteroid-Trojan,2002 GD118,Asteroid.Trojan.2002 GD118,2002 GD118,2002 GD118|226053
TNO.2014 EZ51,15,200189697,200190171,475,,TNO,2014 EZ51,TNO.2014 EZ51,2014 EZ51,2014 EZ51
Neptune,3,200004468,200004923,456,,planet,Neptune,Neptune,Neptune,
TROJAN (5123),6,200054909,200055353,445,,asteroid-Trojan, (5123),TROJAN (5123),5123,1989 BL|5123
Asteroid.Trojan.Medon,111|112,200127110,200145761,442,,asteroid-Trojan,Medon,Asteroid.Trojan.Medon,Medon,1989 CK1|4836|Medon
Comet.50P,14,200180261,200180699,439,,comet,50P,Comet.50P,50P,
Asteroid.Trojan.2002 CR306,13,200170706,200171140,435,,asteroid-Trojan,2002 CR306,Asteroid.Trojan.2002 CR306,2002 CR306,195204|2002 CR306
TROJAN (228102),6,200048775,200049195,421,,asteroid-Trojan, (228102),TROJAN (228102),228102,2008 SY172|228102
TNO.2010 PL66,12,200157634,200158050,417,,TNO,2010 PL66,TNO.2010 PL66,2010 PL66,2010 PL66|499522
Asteroid.Trojan.2001 TL98,12,200154437,200154844,408,,asteroid-Trojan,2001 TL98,Asteroid.Trojan.2001 TL98,2001 TL98,2001 TL98|83722
TROJAN (58480),6,200056650,200057035,386,,asteroid-Trojan, (58480),TROJAN (58480),58480,1996 RJ33|58480
TROJAN (5436),6,200055882,200056266,385,,asteroid-Trojan, (5436),TROJAN (5436),5436,1990 DK|5436|Eumelos
TROJAN (65240),6,200058180,200058562,383,,asteroid-Trojan, (65240),TROJAN (65240),65240,2002 EU106|65240
Trojan 2005 CB68,7,200062141,200062523,383,,asteroid-Trojan, 2005 CB68,Trojan 2005 CB68,2005 CB68,134193|2005 CB68
TROJAN (51930),6,200055354,200055720,367,,asteroid-Trojan, (51930),TROJAN (51930),51930,2001 QW127|51930
TROJAN (113224),6,200042232,200042597,366,,asteroid-Trojan, (113224),TROJAN (113224),113224,113224|2002 RN121
TROJAN (13185),6,200043759,200044119,361,,asteroid-Trojan, (13185),TROJAN (13185),13185,13185|1996 TH52|Agasthenes
Comet.P2016 A3,14,200182235,200182587,353,,comet,P2016 A3,Comet.P2016 A3,P2016 A3,
TROJAN (12238),6,200042781,200043131,351,,asteroid-Trojan, (12238),TROJAN (12238),12238,12238|1987 YU1|Actor
TNO.2000 WC140,8,200065200,200065547,348,,TNO,2000 WC140,TNO.2000 WC140,2000 WC140,2000 WC140|203157
TROJAN (8550),6,200059880,200060226,347,,asteroid-Trojan, (8550),TROJAN (8550),8550,1994 PV24|8550|Hesiodos
TROJAN (99276),6,200060803,200061149,347,,asteroid-Trojan, (99276),TROJAN (99276),99276,2001 QC20|99276
Asteroid.Trojan.2002 RN121,111|112,200120357,200140396,344,,asteroid-Trojan,2002 RN121,Asteroid.Trojan.2002 RN121,2002 RN121,113224|2002 RN121
Asteroid.Trojan.2000 UX34,13,200169149,200169491,343,,asteroid-Trojan,2000 UX34,Asteroid.Trojan.2000 UX34,2000 UX34,193354|2000 UX34
Asteroid.Trojan.2010 VM61,15,200188098,200188439,342,,asteroid-Trojan,2010 VM61,Asteroid.Trojan.2010 VM61,2010 VM61,2010 VM61|316484
TROJAN (13379),6,200045698,200046039,342,,asteroid-Trojan, (13379),TROJAN (13379),13379,13379|1998 WX9
Asteroid.Hilda.Semois,14,200182588,200182924,337,,asteroid-Hilda,Semois,Asteroid.Hilda.Semois,Semois,1988 SQ|7174|Semois
Asteroid.Hilda.2008 DN52,10,200080500,200080833,334,,asteroid-Hilda,2008 DN52,Asteroid.Hilda.2008 DN52,2008 DN52,2008 DN52|341841
Comet.331P,14,200179738,200180070,333,,comet,331P,Comet.331P,331P,
Comet.2014 W2,15,200190928,200191256,329,,comet,2014 W2,Comet.2014 W2,2014 W2,2014 W2|C/2014 W2|PANSTARRS
TROJAN (83984),6,200059551,200059879,329,,asteroid-Trojan, (83984),TROJAN (83984),83984,2002 GL77|83984
TNO.Borasisi,12,200160635,200160957,323,,TNO,Borasisi,TNO.Borasisi,Borasisi,1999 RZ253|66652|Borasisi
TROJAN (129602),6,200043132,200043447,316,,asteroid-Trojan, (129602),TROJAN (129602),129602,129602|1997 WA12
Asteroid.Trojan.2001 RS52,111|112,200117874,200138073,315,,asteroid-Trojan,2001 RS52,Asteroid.Trojan.2001 RS52,2001 RS52,2001 RS52|313206
TROJAN (59049),6,200057036,200057345,310,,asteroid-Trojan, (59049),TROJAN (59049),59049,1998 TC31|59049
Asteroid.Trojan.2007 RL162,111|112,200121861,200141278,306,,asteroid-Trojan,2007 RL162,Asteroid.Trojan.2007 RL162,2007 RL162,2007 RL162|228009
TROJAN (23958),6,200050053,200050357,305,,asteroid-Trojan, (23958),TROJAN (23958),23958,1998 VD30|23958
TROJAN (3655),6,200051814,200052110,297,,asteroid-Trojan, (3655),TROJAN (3655),3655,1978 SA3|3655|Eupraksia
TROJAN (39270),6,200052467,200052760,294,,asteroid-Trojan, (39270),TROJAN (39270),39270,2001 AH11|39270
Asteroid.Trojan.Xanthomalitia,12,200163875,200164166,292,,asteroid-Trojan,Xanthomalitia,Asteroid.Trojan.Xanthomalitia,Xanthomalitia,1985 QX4|7394|Xanthomalitia
Asteroid.Trojan.2006 QA138,111|112,200121604,200141002,292,,asteroid-Trojan,2006 QA138,Asteroid.Trojan.2006 QA138,2006 QA138,175471|2006 QA138
Asteroid.Trojan.2000 QG199,12,200150964,200151254,291,,asteroid-Trojan,2000 QG199,Asteroid.Trojan.2000 QG199,2000 QG199,2000 QG199|98002
Asteroid.Trojan.Hooke,111|112,200124548,200143186,290,,asteroid-Trojan,Hooke,Asteroid.Trojan.Hooke,Hooke,1971 UJ|3514|Hooke
Asteroid.Trojan.Echion,111|112,200124404,200143041,288,,asteroid-Trojan,Echion,Asteroid.Trojan.Echion,Echion,13229|1997 VB1|Echion
Asteroid.Hilda.174077,14,200175720,200176001,282,,asteroid-Hilda,174077,Asteroid.Hilda.174077,174077,174077|2002 FP21
TNO.1999 TJ90,8,200062957,200063237,281,,TNO,1999 TJ90,TNO.1999 TJ90,1999 TJ90,1999 TJ90|20630
Asteroid.Trojan.31819,14,200179458,200179737,280,,asteroid-Trojan,31819,Asteroid.Trojan.31819,31819,1999 RS150|31819
Asteroid.Trojan.Santorini,13,200173564,200173842,279,,asteroid-Trojan,Santorini,Asteroid.Trojan.Santorini,Santorini,19034|2554 P-L|Santorini
TROJAN (88227),6,200060227,200060504,278,,asteroid-Trojan, (88227),TROJAN (88227),88227,2001 BU42|88227
TROJAN (78159),6,200059041,200059316,276,,asteroid-Trojan, (78159),TROJAN (78159),78159,2002 NA28|78159
TROJAN (12974),6,200043448,200043720,273,,asteroid-Trojan, (12974),TROJAN (12974),12974,12974|1973 SB2|Halitherses
Asteroid.Trojan.2000 BA27,111|112,200110749,200132587,271,,asteroid-Trojan,2000 BA27,Asteroid.Trojan.2000 BA27,2000 BA27,18071|2000 BA27
Asteroid.Trojan.2000 AN146,111|112,200110544,200132385,268,,asteroid-Trojan,2000 AN146,Asteroid.Trojan.2000 AN146,2000 AN146,2000 AN146|23135
TROJAN (88241),6,200060505,200060772,268,,asteroid-Trojan, (88241),TROJAN (88241),88241,2001 CD23|88241
TROJAN (24357),6,200050358,200050618,261,,asteroid-Trojan, (24357),TROJAN (24357),24357,2000 AC115|24357
Asteroid.Trojan.2002 GS149,111|112,200120017,200140168,258,,asteroid-Trojan,2002 GS149,Asteroid.Trojan.2002 GS149,2002 GS149,141577|2002 GS149
Cluster.M 9,111|112,200126982,200145535,256,,cluster,M 9,Cluster.M 9,M 9,
PLANET.Uranus,8,200068402,200068655,254,,planet,Uranus,PLANET.Uranus,Uranus,
TROJAN (63239),6,200057346,200057597,252,,asteroid-Trojan, (63239),TROJAN (63239),63239,2001 BD25|63239
TROJAN (57041),6,200056399,200056649,251,,asteroid-Trojan, (57041),TROJAN (57041),57041,2001 EN12|57041
TROJAN (21599),6,200048283,200048532,250,,asteroid-Trojan, (21599),TROJAN (21599),21599,1998 WA15|21599
Asteroid.Trojan.2006 UB219,13,200171597,200171846,250,,asteroid-Trojan,2006 UB219,Asteroid.Trojan.2006 UB219,2006 UB219,185290|2006 UB219
Comet.2014 F3,15,200190172,200190420,249,,comet,2014 F3,Comet.2014 F3,2014 F3,2014 F3|C/2014 F3|Sheppard-Trujillo
Asteroid.Trojan.1997 XX3,12,200150088,200150336,249,,asteroid-Trojan,1997 XX3,Asteroid.Trojan.1997 XX3,1997 XX3,16843|1997 XX3
TROJAN (21593),6,200048037,200048282,246,,asteroid-Trojan, (21593),TROJAN (21593),21593,1998 VL27|21593
TROJAN (35363),6,200051569,200051813,245,,asteroid-Trojan, (35363),TROJAN (35363),35363,1997 TV28|35363
Comet.202P,14,200178858,200179102,245,,comet,202P,Comet.202P,202P,
Asteroid.Trojan.2009 UR154,15,200187855,200188097,243,,asteroid-Trojan,2009 UR154,Asteroid.Trojan.2009 UR154,2009 UR154,2009 UR154|296787
TROJAN (22056),6,200048533,200048774,242,,asteroid-Trojan, (22056),TROJAN (22056),22056,2000 AU31|22056
TROJAN (15626),6,200047087,200047328,242,,asteroid-Trojan, (15626),TROJAN (15626),15626,15626|2000 HR50
Asteroid.Trojan.2001 QK43,111|112,200117754,200137915,241,,asteroid-Trojan,2001 QK43,Asteroid.Trojan.2001 QK43,2001 QK43,2001 QK43|217039
Comet.94P,15,200192328,200192567,240,,comet,94P,Comet.94P,94P,
Asteroid.Trojan.Podarkes,111|112,200127902,200146443,240,,asteroid-Trojan,Podarkes,Asteroid.Trojan.Podarkes,Podarkes,13062|1991 HN|Podarkes
TNO.2015 BZ518,15,200191257,200191493,237,,TNO,2015 BZ518,TNO.2015 BZ518,2015 BZ518,2015 BZ518
TROJAN (24537),6,200051169,200051405,237,,asteroid-Trojan, (24537),TROJAN (24537),24537,2001 CB35|24537
Trojan 2000 QG199,7,200061226,200061462,237,,asteroid-Trojan, 2000 QG199,Trojan 2000 QG199,2000 QG199,2000 QG199|98002
TROJAN (5028),6,200054674,200054908,235,,asteroid-Trojan, (5028),TROJAN (5028),5028,1988 BY1|5028|Halaesus
Asteroid.Trojan.2001 SW273,12,200153188,200153422,235,,asteroid-Trojan,2001 SW273,Asteroid.Trojan.2001 SW273,2001 SW273,131502|2001 SW273
TROJAN (8241),6,200059317,200059550,234,,asteroid-Trojan, (8241),TROJAN (8241),8241,1973 SE1|8241|Agrius
Pluto,7,200062594,200062827,234,,TNO,Pluto,Pluto,Pluto,
TROJAN (65210),6,200057598,200057827,230,,asteroid-Trojan, (65210),TROJAN (65210),65210,2002 EG|65210|Stichius
Cluster.M 19,111|112,200126870,200145407,229,,cluster,M 19,Cluster.M 19,M 19,
TNO.2013 PH44,12,200158051,200158278,228,,TNO,2013 PH44,TNO.2013 PH44,2013 PH44,2013 PH44|471931
TNO.2000 OG44,14,200177188,200177411,224,,TNO,2000 OG44,TNO.2000 OG44,2000 OG44,18916|2000 OG44
Asteroid.Hilda.86435,14,200181723,200181946,224,,asteroid-Hilda,86435,Asteroid.Hilda.86435,86435,2000 CL9|86435
Asteroid.Trojan.2002 EL153,111|112,200118822,200138983,218,,asteroid-Trojan,2002 EL153,Asteroid.Trojan.2002 EL153,2002 EL153,2002 EL153|57920
TROJAN (38574),6,200052249,200052466,218,,asteroid-Trojan, (38574),TROJAN (38574),38574,1999 WS4|38574
Asteroid.Trojan.2007 RJ283,111|112,200121752,200141111,218,,asteroid-Trojan,2007 RJ283,Asteroid.Trojan.2007 RJ283,2007 RJ283,2007 RJ283|236878
TROJAN (11251),6,200042015,200042231,217,,asteroid-Trojan, (11251),TROJAN (11251),11251,11251|1973 SN1|Icarion
Asteroid.Trojan.2000 BV1,111|112,200111152,200132961,217,,asteroid-Trojan,2000 BV1,Asteroid.Trojan.2000 BV1,2000 BV1,103508|2000 BV1
TROJAN (39286),6,200052761,200052975,215,,asteroid-Trojan, (39286),TROJAN (39286),39286,2001 CX6|39286
Asteroid.Trojan.2000 QK57,12,200151255,200151469,215,,asteroid-Trojan,2000 QK57,Asteroid.Trojan.2000 QK57,2000 QK57,2000 QK57|76811
Asteroid.Trojan.Bredthauer,12,200160958,200161172,215,,asteroid-Trojan,Bredthauer,Asteroid.Trojan.Bredthauer,Bredthauer,16915|1998 FR10|Bredthauer
TROJAN (4035),6,200053782,200053995,214,,asteroid-Trojan, (4035),TROJAN (4035),4035,1986 WD|4035
Asteroid.Trojan.2000 KE9,111|112,200112258,200133563,212,,asteroid-Trojan,2000 KE9,Asteroid.Trojan.2000 KE9,2000 KE9,2000 KE9|51284
TNO.2014 LS28,15,200190716,200190927,212,,TNO,2014 LS28,TNO.2014 LS28,2014 LS28,2014 LS28
Asteroid.Hilda.2001 HG21,15,200186113,200186323,211,,asteroid-Hilda,2001 HG21,Asteroid.Hilda.2001 HG21,2001 HG21,176158|2001 HG21
Asteroid.Hilda.2000 DC45,15,200185908,200186112,205,,asteroid-Hilda,2000 DC45,Asteroid.Hilda.2000 DC45,2000 DC45,2000 DC45|92283
Asteroid.Hilda.60381,14,200180700,200180903,204,,asteroid-Hilda,60381,Asteroid.Hilda.60381,60381,2000 AX180|60381
Asteroid.Hilda.1992 DJ6,15,200185005,200185206,202,,asteroid-Hilda,1992 DJ6,Asteroid.Hilda.1992 DJ6,1992 DJ6,178295|1992 DJ6
Asteroid.Hilda.2005 TN125,15,200187137,200187338,202,,asteroid-Hilda,2005 TN125,Asteroid.Hilda.2005 TN125,2005 TN125,147836|2005 TN125
Asteroid.Trojan.2008 SA192,111|112,200122057,200141446,202,,asteroid-Trojan,2008 SA192,Asteroid.Trojan.2008 SA192,2008 SA192,2008 SA192|228103
Asteroid.Hilda.119942,14,200174511,200174707,197,,asteroid-Hilda,119942,Asteroid.Hilda.119942,119942,119942|2002 GJ129
Asteroid.Hilda.Muskau,15,200192731,200192926,196,,asteroid-Hilda,Muskau,Asteroid.Hilda.Muskau,Muskau,29053|4466 T-2|Muskau
Asteroid.Trojan.2004 CV2,12,200156662,200156854,193,,asteroid-Trojan,2004 CV2,Asteroid.Trojan.2004 CV2,2004 CV2,2004 CV2|90456
Asteroid.Hilda.2000 DC27,15,200185716,200185907,192,,asteroid-Hilda,2000 DC27,Asteroid.Hilda.2000 DC27,2000 DC27,152900|2000 DC27
Asteroid.Hilda.141557,14,200175254,200175444,191,,asteroid-Hilda,141557,Asteroid.Hilda.141557,141557,141557|2002 GY69
TROJAN (1749),6,200047847,200048036,190,,asteroid-Trojan, (1749),TROJAN (1749),1749,1749|1949 SB|Telamon
Asteroid.373,14,200180071,200180260,190,,asteroid-Main Belt,373 Melusina,Asteroid.373,373,1893 AJ|373|Melusina
Asteroid.Trojan.116567,14,200174205,200174391,187,,asteroid-Trojan,116567,Asteroid.Trojan.116567,116567,116567|2004 BV84
Moon.Titan,111|112,200128938,200147463,185,,moon,Titan,Moon.Titan,Titan,
TROJAN (1143),6,200042598,200042780,183,,asteroid-Trojan, (1143),TROJAN (1143),1143,1143|1930 BH|Odysseus
TROJAN (65227),6,200058002,200058179,178,,asteroid-Trojan, (65227),TROJAN (65227),65227,2002 ES46|65227
Asteroid.Hilda.2008 CW119,15,200187528,200187704,177,,asteroid-Hilda,2008 CW119,Asteroid.Hilda.2008 CW119,2008 CW119,2008 CW119|249182
Asteroid.Hilda.13035,14,200174823,200174998,176,,asteroid-Hilda,13035,Asteroid.Hilda.13035,13035,13035|1989 UA6
Cluster.NGC 6355,111|112,200127414,200145937,176,,cluster,NGC 6355,Cluster.NGC 6355,NGC 6355,
Cluster.NGC 6293,111|112,200127326,200145849,176,,cluster,NGC 6293,Cluster.NGC 6293,NGC 6293,
TROJAN (65223),6,200057828,200058001,174,,asteroid-Trojan, (65223),TROJAN (65223),65223,2002 EU34|65223
Asteroid.Trojan.2002 XF45,111|112,200120840,200140775,174,,asteroid-Trojan,2002 XF45,Asteroid.Trojan.2002 XF45,2002 XF45,2002 XF45|218241
TNO.2002 GP32,111|112,200119931,200140039,172,,TNO,2002 GP32,TNO.2002 GP32,2002 GP32,2002 GP32
TNO.2010 JJ124,111|112,200123655,200142330,171,,TNO,2010 JJ124,TNO.2010 JJ124,2010 JJ124,2010 JJ124
TNO.Ixion,111|112,200125242,200143834,170,,TNO,Ixion,TNO.Ixion,Ixion,2001 KX76|28978|Ixion
Cluster.Terzan 5,111|112,200128019,200146531,170,,cluster,Terzan 5,Cluster.Terzan 5,Terzan 5,
Asteroid.Hilda.1988 SX2,15,200184741,200184909,169,,asteroid-Hilda,1988 SX2,Asteroid.Hilda.1988 SX2,1988 SX2,11274|1988 SX2|Castillo-Rogez
TNO.2005 LC54,111|112,200121120,200140858,164,,TNO,2005 LC54,TNO.2005 LC54,2005 LC54,2005 LC54
Asteroid.Fantasia,15,200192568,200192730,163,,,,Asteroid.Fantasia,Fantasia,1224|Fantasia|1927 SD
TROJAN (353363),6,200051406,200051568,163,,asteroid-Trojan, (353363),TROJAN (353363),353363,2010 XP50|353363
TROJAN (5244),6,200055721,200055881,161,,asteroid-Trojan, (5244),TROJAN (5244),5244,1973 SQ1|5244|Amphilochos
TNO.2014 WJ510,14,200178152,200178312,161,,TNO,2014 WJ510,TNO.2014 WJ510,2014 WJ510,2014 WJ510
MOON.Caliban,8,200067922,200068080,159,,moon,Caliban,MOON.Caliban,Caliban,
MOON.Prospero,8,200068129,200068284,156,,moon,Prospero,MOON.Prospero,Prospero,
Asteroid.Trojan.2008 TJ126,111|112,200122542,200141918,155,,asteroid-Trojan,2008 TJ126,Asteroid.Trojan.2008 TJ126,2008 TJ126,2008 TJ126|315949
M35,0,200000811,200000964,154,,cluster,M35,M35,M35,
Asteroid.Trojan.Tlepolemos,111|112,200128101,200146607,153,,asteroid-Trojan,Tlepolemos,Asteroid.Trojan.Tlepolemos,Tlepolemos,15651|9612 P-L|Tlepolemos
Asteroid.Trojan.Peiraios,111|112,200127502,200146013,152,,asteroid-Trojan,Peiraios,Asteroid.Trojan.Peiraios,Peiraios,12658|1973 SL|Peiraios
Asteroid.Trojan.2008 SO47,15,200187705,200187854,150,,asteroid-Trojan,2008 SO47,Asteroid.Trojan.2008 SO47,2008 SO47,2008 SO47|246550
Asteroid.Trojan.111113,14,200173958,200174106,149,,asteroid-Trojan,111113,Asteroid.Trojan.111113,111113,111113|2001 VK85
TNO.2001 KA77,111|112,200114742,200135050,148,,TNO,2001 KA77,TNO.2001 KA77,2001 KA77,2001 KA77
TNO.2010 GX34,111|112,200123581,200142244,148,,TNO,2010 GX34,TNO.2010 GX34,2010 GX34,2010 GX34
TNO.2008 CS190,14,200177428,200177575,148,,TNO,2008 CS190,TNO.2008 CS190,2008 CS190,2008 CS190|470523
Asteroid.Neujmina,15,200192927,200193071,145,,,,Asteroid.Neujmina,Neujmina,1129 Neujmina (1929 PH)
Asteroid.Hilda.146961,14,200175445,200175587,143,,asteroid-Hilda,146961,Asteroid.Hilda.146961,146961,146961|2002 GH129
Asteroid.Hilda.2003 QE57,15,200186997,200187136,140,,asteroid-Hilda,2003 QE57,Asteroid.Hilda.2003 QE57,2003 QE57,114954|2003 QE57
TNO.2012 VU85,13,200172458,200172596,139,,TNO,2012 VU85,TNO.2012 VU85,2012 VU85,2012 VU85|463368
Asteroid.Trojan.131635,14,200174999,200175137,139,,asteroid-Trojan,131635,Asteroid.Trojan.131635,131635,131635|2001 XW71
TROJAN (3801),6,200052111,200052248,138,,asteroid-Trojan, (3801),TROJAN (3801),3801,1985 VS|3801|Thrasymedes
Asteroid.Trojan.2000 AQ231,111|112,200110678,200132451,137,,asteroid-Trojan,2000 AQ231,Asteroid.Trojan.2000 AQ231,2000 AQ231,2000 AQ231|26486
Asteroid.Hilda.208290,14,200179228,200179361,134,,asteroid-Hilda,208290,Asteroid.Hilda.208290,208290,2001 DH1|208290
Asteroid.Hilda.174074,14,200175588,200175719,132,,asteroid-Hilda,174074,Asteroid.Hilda.174074,174074,174074|2002 EO133
TROJAN (5652),6,200056267,200056398,132,,asteroid-Trojan, (5652),TROJAN (5652),5652,1992 HS3|5652|Amphimachus
Asteroid.Trojan.1997 XR13,111|112,200107462,200129367,131,,asteroid-Trojan,1997 XR13,Asteroid.Trojan.1997 XR13,1997 XR13,1997 XR13|52645
TROJAN (23947),6,200049926,200050052,127,,asteroid-Trojan, (23947),TROJAN (23947),23947,1998 UH16|23947
TROJAN (10989),6,200041889,200042014,126,,asteroid-Trojan, (10989),TROJAN (10989),10989,10989|1973 SL1|Dolios
Asteroid.Hilda.207644,14,200179103,200179227,125,,asteroid-Hilda,207644,Asteroid.Hilda.207644,207644,2006 UW322|207644
Asteroid.Trojan.2007 TP371,111|112,200122000,200141345,124,,asteroid-Trojan,2007 TP371,Asteroid.Trojan.2007 TP371,2007 TP371,200046|2007 TP371
Asteroid.Stereoskopia,15,200194788,200194909,122,,,,Asteroid.Stereoskopia,Stereoskopia,566|Stereoskopia|1905 QO
Asteroid.Hilda.117113,14,200174392,200174510,119,,asteroid-Hilda,117113,Asteroid.Hilda.117113,117113,117113|2004 PG11
TROJAN (4138),6,200054063,200054180,118,,asteroid-Trojan, (4138),TROJAN (4138),4138,1973 SM|4138|Kalchas
Asteroid.Hilda.134652,14,200175138,200175253,116,,asteroid-Hilda,134652,Asteroid.Hilda.134652,134652,134652|1999 VT37
Asteroid.Hilda.120962,14,200174708,200174822,115,,asteroid-Hilda,120962,Asteroid.Hilda.120962,120962,120962|1998 VM11
Asteroid.Hilda.174089,14,200176002,200176115,114,,asteroid-Hilda,174089,Asteroid.Hilda.174089,174089,174089|2002 GX137
Asteroid.Hilda.Mauderli,14,200182015,200182128,114,,asteroid-Hilda,Mauderli,Asteroid.Hilda.Mauderli,Mauderli,1748|1966 RA|Mauderli
TNO.2002 KX14,111|112,200120300,200140224,113,,TNO,2002 KX14,TNO.2002 KX14,2002 KX14,119951|2002 KX14
TNO.385437,15,200191494,200191604,111,,TNO,385437,TNO.385437,385437,2003 GH55|385437
Asteroid.Trojan.76820,14,200181013,200181123,111,,asteroid-Trojan,76820,Asteroid.Trojan.76820,76820,2000 RW105|76820
Asteroid.Hilda.63293,14,200180904,200181012,109,,asteroid-Hilda,63293,Asteroid.Hilda.63293,63293,2001 DT89|63293
TNO.2014 GJ54,15,200190421,200190529,109,,TNO,2014 GJ54,TNO.2014 GJ54,2014 GJ54,2014 GJ54
Asteroid.Hilda.177640,14,200176116,200176224,109,,asteroid-Hilda,177640,Asteroid.Hilda.177640,177640,177640|2004 NX10
TNO.2003 QA92,12,200156555,200156661,107,,TNO,2003 QA92,TNO.2003 QA92,2003 QA92,2003 QA92
Comet.P2010 TO20,14,200182129,200182234,106,,comet,P2010 TO20,Comet.P2010 TO20,P2010 TO20,
Asteroid.Trojan.2001 SZ250,12,200153423,200153528,106,,asteroid-Trojan,2001 SZ250,Asteroid.Trojan.2001 SZ250,2001 SZ250,2001 SZ250|77892
TNO.2009 YG19,13,200172356,200172457,102,,TNO,2009 YG19,TNO.2009 YG19,2009 YG19,2009 YG19
TNO.2004 TV357,13,200171459,200171560,102,,TNO,2004 TV357,TNO.2004 TV357,2004 TV357,2004 TV357
TNO.2014 JQ80,15,200190618,200190715,98,,TNO,2014 JQ80,TNO.2014 JQ80,2014 JQ80,2014 JQ80
Asteroid.Trojan.111231,14,200174107,200174204,98,,asteroid-Trojan,111231,Asteroid.Trojan.111231,111231,111231|2001 WM60
Asteroid.Trojan.76835,14,200181124,200181220,97,,asteroid-Trojan,76835,Asteroid.Trojan.76835,76835,2000 SH255|76835
Asteroid.Trojan.301013,14,200179362,200179457,96,,asteroid-Trojan,301013,Asteroid.Trojan.301013,301013,2008 JJ18|301013
Asteroid.Trojan.2002 EN37,111|112,200118931,200139028,90,,asteroid-Trojan,2002 EN37,Asteroid.Trojan.2002 EN37,2002 EN37,195245|2002 EN37
TNO.2014 DJ143,15,200189608,200189696,89,,TNO,2014 DJ143,TNO.2014 DJ143,2014 DJ143,2014 DJ143
TNO.2004 TF282,13,200171371,200171458,88,,TNO,2004 TF282,TNO.2004 TF282,2004 TF282,2004 TF282
TNO.2014 HF200,15,200190530,200190617,88,,TNO,2014 HF200,TNO.2014 HF200,2014 HF200,2014 HF200
TNO.2005 TB190,12,200156855,200156942,88,,TNO,2005 TB190,TNO.2005 TB190,2005 TB190,145480|2005 TB190
TNO.2000 OK67,12,200150877,200150963,87,,TNO,2000 OK67,TNO.2000 OK67,2000 OK67,138537|2000 OK67
TNO.2001 QB298,12,200152385,200152470,86,,TNO,2001 QB298,TNO.2001 QB298,2001 QB298,2001 QB298|385266
TNO.2002 VS130,13,200171141,200171223,83,,TNO,2002 VS130,TNO.2002 VS130,2002 VS130,149348|2002 VS130
TNO.2014 WA509,14,200177576,200177656,81,,TNO,2014 WA509,TNO.2014 WA509,2014 WA509,2014 WA509
TNO.2002 VT130,13,200171224,200171302,79,,TNO,2002 VT130,TNO.2002 VT130,2002 VT130,2002 VT130|508869
TNO.2002 GJ32,15,200186920,200186996,77,,TNO,2002 GJ32,TNO.2002 GJ32,2002 GJ32,182934|2002 GJ32
TROJAN (39289),6,200052976,200053050,75,,asteroid-Trojan, (39289),TROJAN (39289),39289,2001 CT28|39289
TROJAN (14690),6,200046040,200046112,73,,asteroid-Trojan, (14690),TROJAN (14690),14690,14690|2000 AR25
M67,5,200008644,200008715,72,,cluster,M67,M67,M67,
TNO.2002 VU130,13,200171303,200171370,68,,TNO,2002 VU130,TNO.2002 VU130,2002 VU130,2002 VU130|307463
Asteroid.Hilda.Janeausten,14,200181947,200182014,68,,asteroid-Hilda,Janeausten,Asteroid.Hilda.Janeausten,Janeausten,39415|4231 T-1|Janeausten
TROJAN (4057),6,200053996,200054062,67,,asteroid-Trojan, (4057),TROJAN (4057),4057,1985 TQ|4057|Demophon
MOON.Setebos,8,200068285,200068350,66,,moon,Setebos,MOON.Setebos,Setebos,
TROJAN (13331),6,200044120,200044183,64,,asteroid-Trojan, (13331),TROJAN (13331),13331,13331|1998 SU52
Ruprecht 147,7,200062524,200062583,60,,cluster,Ruprecht 147,Ruprecht 147,Ruprecht 147,
TNO.2001 QX297,12,200152518,200152577,60,,TNO,2001 QX297,TNO.2001 QX297,2001 QX297,2001 QX297
TNO.2005 RS43,8,200065610,200065665,56,,TNO,2005 RS43,TNO.2005 RS43,2005 RS43,2005 RS43|308379
TROJAN (14791),6,200046113,200046166,54,,asteroid-Trojan, (14791),TROJAN (14791),14791,14791|1973 SU|Atreus
TNO.1998 SN165,8,200062904,200062956,53,,TNO,1998 SN165,TNO.1998 SN165,1998 SN165,1998 SN165|35671
IC 1613,8,200068656,200068703,48,,Large Galaxies,IC 1613,IC 1613,IC 1613,
TNO.2001 QJ298,12,200152471,200152517,47,,TNO,2001 QJ298,TNO.2001 QJ298,2001 QJ298,2001 QJ298|408832
Ongoing_Microlens_Events_C11,111|112,200128916,200147374,43,,C11 Microlensing Events,,Ongoing_Microlens_Events_C11,Ongoing_Microlens_Events_C11,
MOON.Sycorax,8,200068351,200068391,41,,moon,Sycorax,MOON.Sycorax,Sycorax,
M8 Lagoon Nebula,91|92,200071160,200071179,40,,cluster,M8 Lagoon Nebula,M8 Lagoon Nebula,M8 Lagoon Nebula,
TROJAN (13184),6,200043721,200043758,38,,asteroid-Trojan, (13184),TROJAN (13184),13184,13184|1996 TS49|Augeias
TNO.2004 XR190,13,200171561,200171596,36,,TNO,2004 XR190,TNO.2004 XR190,2004 XR190,2004 XR190
Cluster.NGC 5897,15,200194922,200194957,36,,cluster,NGC 5897,Cluster.NGC 5897,NGC 5897,
TNO.2001 QT322,8,200065548,200065578,31,,TNO,2001 QT322,TNO.2001 QT322,2001 QT322,135182|2001 QT322
TNO.2003 QW90,8,200065579,200065609,31,,TNO,2003 QW90,TNO.2003 QW90,2003 QW90,2003 QW90|307616
Asteroid.Trojan.Phemios,111,200127578,200127608,31,,asteroid-Trojan,Phemios,Asteroid.Trojan.Phemios,Phemios,10664|5187 T-2|Phemios
TROJAN (9807),6,200060773,200060802,30,,asteroid-Trojan, (9807),TROJAN (9807),9807,1997 SJ4|9807
Large Galaxies.M105,14,200183023,200183038,16,,Large Galaxies,M105,Large Galaxies.M105,M105,
Large Galaxies.M95,14,200182991,200183006,16,,Large Galaxies,M95,Large Galaxies.M95,M95,
Large Galaxies.NGC3423,14,200183055,200183070,16,,Large Galaxies,NGC3423,Large Galaxies.NGC3423,NGC3423,
Large Galaxies.NGC3384,14,200183039,200183054,16,,Large Galaxies,NGC3384,Large Galaxies.NGC3384,NGC3384,
M4,2,200004370,200004385,16,,cluster,M4,M4,M4,
TNO.2002 CY224,14,200177412,200177427,16,,TNO,2002 CY224,TNO.2002 CY224,2002 CY224,119878|2002 CY224
Large Galaxies.M96,14,200183007,200183022,16,,Large Galaxies,M96,Large Galaxies.M96,M96,
Large Galaxies.NGC3412,14,200183071,200183086,16,,Large Galaxies,NGC3412,Large Galaxies.NGC3412,NGC3412,
Dark Clouds,91|92,200069381,200069386,12,,C9 Dark Clouds,,Dark Clouds,Dark Clouds,
OGLE-2016-BLG-0041,91|92,200071200,200071617,10,,microlensing-events,OGLE-2016-BLG-0041,OGLE-2016-BLG-0041,OGLE-2016-BLG-0041,
OGLE-2016-BLG-0141,91|92,200071297,200071419,10,,microlensing-events,OGLE-2016-BLG-0141,OGLE-2016-BLG-0141,OGLE-2016-BLG-0141,
OGLE-2016-BLG-0122,91|92,200071337,200071409,10,,microlensing-events,OGLE-2016-BLG-0122,OGLE-2016-BLG-0122,OGLE-2016-BLG-0122,
OGLE-2016-BLG-0086,91|92,200071252,200071395,10,,microlensing-events,OGLE-2016-BLG-0086,OGLE-2016-BLG-0086,OGLE-2016-BLG-0086,
OGLE-2016-BLG-0114,91|92,200071271,200071404,10,,microlensing-events,OGLE-2016-BLG-0114,OGLE-2016-BLG-0114,OGLE-2016-BLG-0114,
OGLE-2016-BLG-0021,91|92,200071180,200071346,10,,microlensing-events,OGLE-2016-BLG-0021,OGLE-2016-BLG-0021,OGLE-2016-BLG-0021,
OGLE-2016-BLG-0078,91|92,200071238,200071376,10,,microlensing-events,OGLE-2016-BLG-0078,OGLE-2016-BLG-0078,OGLE-2016-BLG-0078,
OGLE-2016-BLG-0089,91|92,200071257,200071625,10,,microlensing-events,OGLE-2016-BLG-0089,OGLE-2016-BLG-0089,OGLE-2016-BLG-0089,
OGLE-2016-BLG-0193,91|92,200071307,200071424,10,,microlensing-events,OGLE-2016-BLG-0193,OGLE-2016-BLG-0193,OGLE-2016-BLG-0193,
OGLE-2016-BLG-0211,91|92,200071312,200071429,10,,microlensing-events,OGLE-2016-BLG-0211,OGLE-2016-BLG-0211,OGLE-2016-BLG-0211,
OGLE-2016-BLG-0127,91|92,200071282,200071414,10,,microlensing-events,OGLE-2016-BLG-0127,OGLE-2016-BLG-0127,OGLE-2016-BLG-0127,
OGLE-2016-BLG-0027,91|92,200071190,200071356,10,,microlensing-events,OGLE-2016-BLG-0027,OGLE-2016-BLG-0027,OGLE-2016-BLG-0027,
OGLE-2016-BLG-0083,91|92,200071247,200071390,10,,microlensing-events,OGLE-2016-BLG-0083,OGLE-2016-BLG-0083,OGLE-2016-BLG-0083,
OGLE-2016-BLG-0082,91|92,200071327,200071385,10,,microlensing-events,OGLE-2016-BLG-0082,OGLE-2016-BLG-0082,OGLE-2016-BLG-0082,
OGLE-2016-BLG-0244,91|92,200071322,200071635,10,,microlensing-events,OGLE-2016-BLG-0244,OGLE-2016-BLG-0244,OGLE-2016-BLG-0244,
OGLE-2016-BLG-0066,91|92,200071225,200071371,10,,microlensing-events,OGLE-2016-BLG-0066,OGLE-2016-BLG-0066,OGLE-2016-BLG-0066,
OGLE-2016-BLG-0022,91|92,200071185,200071351,10,,microlensing-events,OGLE-2016-BLG-0022,OGLE-2016-BLG-0022,OGLE-2016-BLG-0022,
OGLE-2016-BLG-0037,91|92,200071195,200071361,10,,microlensing-events,OGLE-2016-BLG-0037,OGLE-2016-BLG-0037,OGLE-2016-BLG-0037,
OGLE-2015-BLG-2112,91|92,200071332,200071579,10,,microlensing-events,OGLE-2015-BLG-2112,OGLE-2015-BLG-2112,OGLE-2015-BLG-2112,
OGLE-2016-BLG-0053,91|92,200071210,200071366,10,,microlensing-events,OGLE-2016-BLG-0053,OGLE-2016-BLG-0053,OGLE-2016-BLG-0053,
OGLE-2016-BLG-0091,91|92,200071262,200071399,8,,microlensing-events,OGLE-2016-BLG-0091,OGLE-2016-BLG-0091,OGLE-2016-BLG-0091,
OGLE-2016-BLG-0077,91|92,200071235,200071620,6,,microlensing-events,OGLE-2016-BLG-0077,OGLE-2016-BLG-0077,OGLE-2016-BLG-0077,
OGLE-2016-BLG-0117,91|92,200071276,200071582,6,,microlensing-events,OGLE-2016-BLG-0117,OGLE-2016-BLG-0117,OGLE-2016-BLG-0117,
OGLE-2016-BLG-0691,92,200071527,200071531,5,,microlensing-events,OGLE-2016-BLG-0691,OGLE-2016-BLG-0691,OGLE-2016-BLG-0691,
OGLE-2016-BLG-0052,91,200071205,200071209,5,,microlensing-events,OGLE-2016-BLG-0052,OGLE-2016-BLG-0052,OGLE-2016-BLG-0052,
OGLE-2016-BLG-0446,92,200071453,200071457,5,,microlensing-events,OGLE-2016-BLG-0446,OGLE-2016-BLG-0446,OGLE-2016-BLG-0446,
OGLE-2016-BLG-0746,92,200071547,200071551,5,,microlensing-events,OGLE-2016-BLG-0746,OGLE-2016-BLG-0746,OGLE-2016-BLG-0746,
OGLE-2016-BLG-0685,92,200071522,200071526,5,,microlensing-events,OGLE-2016-BLG-0685,OGLE-2016-BLG-0685,OGLE-2016-BLG-0685,
OGLE-2016-BLG-0068,91,200071230,200071234,5,,microlensing-events,OGLE-2016-BLG-0068,OGLE-2016-BLG-0068,OGLE-2016-BLG-0068,
OGLE-2016-BLG-0620,92,200071497,200071501,5,,microlensing-events,OGLE-2016-BLG-0620,OGLE-2016-BLG-0620,OGLE-2016-BLG-0620,
OGLE-2016-BLG-0445,92,200071448,200071452,5,,microlensing-events,OGLE-2016-BLG-0445,OGLE-2016-BLG-0445,OGLE-2016-BLG-0445,
OGLE-2016-BLG-0545,92,200071570,200071574,5,,microlensing-events,OGLE-2016-BLG-0545,OGLE-2016-BLG-0545,OGLE-2016-BLG-0545,
OGLE-2016-BLG-0463,92,200071593,200071597,5,,microlensing-events,OGLE-2016-BLG-0463,OGLE-2016-BLG-0463,OGLE-2016-BLG-0463,
OGLE-2016-BLG-0230,91,200071317,200071321,5,,microlensing-events,OGLE-2016-BLG-0230,OGLE-2016-BLG-0230,OGLE-2016-BLG-0230,
OGLE-2016-BLG-0711,92,200071598,200071602,5,,microlensing-events,OGLE-2016-BLG-0711,OGLE-2016-BLG-0711,OGLE-2016-BLG-0711,
OGLE-2016-BLG-0476,92,200071458,200071462,5,,microlensing-events,OGLE-2016-BLG-0476,OGLE-2016-BLG-0476,OGLE-2016-BLG-0476,
OGLE-2016-BLG-0535,92,200071482,200071486,5,,microlensing-events,OGLE-2016-BLG-0535,OGLE-2016-BLG-0535,OGLE-2016-BLG-0535,
OGLE-2016-BLG-0118,92,200071626,200071630,5,,microlensing-events,OGLE-2016-BLG-0118,OGLE-2016-BLG-0118,OGLE-2016-BLG-0118,
OGLE-2016-BLG-0129,91,200071287,200071291,5,,microlensing-events,OGLE-2016-BLG-0129,OGLE-2016-BLG-0129,OGLE-2016-BLG-0129,
OGLE-2016-BLG-0144,91,200071302,200071306,5,,microlensing-events,OGLE-2016-BLG-0144,OGLE-2016-BLG-0144,OGLE-2016-BLG-0144,
OGLE-2016-BLG-0679,92,200071517,200071521,5,,microlensing-events,OGLE-2016-BLG-0679,OGLE-2016-BLG-0679,OGLE-2016-BLG-0679,
OGLE-2016-BLG-0056,91,200071215,200071219,5,,microlensing-events,OGLE-2016-BLG-0056,OGLE-2016-BLG-0056,OGLE-2016-BLG-0056,
OGLE-2016-BLG-0136,91,200071292,200071296,5,,microlensing-events,OGLE-2016-BLG-0136,OGLE-2016-BLG-0136,OGLE-2016-BLG-0136,
OGLE-2016-BLG-0500,92,200071468,200071472,5,,microlensing-events,OGLE-2016-BLG-0500,OGLE-2016-BLG-0500,OGLE-2016-BLG-0500,
OGLE-2016-BLG-0720,92,200071537,200071541,5,,microlensing-events,OGLE-2016-BLG-0720,OGLE-2016-BLG-0720,OGLE-2016-BLG-0720,
OGLE-2016-BLG-0654,92,200071512,200071516,5,,microlensing-events,OGLE-2016-BLG-0654,OGLE-2016-BLG-0654,OGLE-2016-BLG-0654,
OGLE-2016-BLG-0483,92,200071565,200071569,5,,microlensing-events,OGLE-2016-BLG-0483,OGLE-2016-BLG-0483,OGLE-2016-BLG-0483,
OGLE-2016-BLG-0515,92,200071473,200071477,5,,microlensing-events,OGLE-2016-BLG-0515,OGLE-2016-BLG-0515,OGLE-2016-BLG-0515,
OGLE-2016-BLG-0742,92,200071542,200071546,5,,microlensing-events,OGLE-2016-BLG-0742,OGLE-2016-BLG-0742,OGLE-2016-BLG-0742,
OGLE-2016-BLG-0401,92,200071440,200071444,5,,microlensing-events,OGLE-2016-BLG-0401,OGLE-2016-BLG-0401,OGLE-2016-BLG-0401,
OGLE-2016-BLG-0111,91,200071266,200071270,5,,microlensing-events,OGLE-2016-BLG-0111,OGLE-2016-BLG-0111,OGLE-2016-BLG-0111,
OGLE-2016-BLG-0757,92,200071608,200071612,5,,microlensing-events,OGLE-2016-BLG-0757,OGLE-2016-BLG-0757,OGLE-2016-BLG-0757,
OGLE-2016-BLG-0728,92,200071603,200071607,5,,microlensing-events,OGLE-2016-BLG-0728,OGLE-2016-BLG-0728,OGLE-2016-BLG-0728,
MOA-2016-BLG-197,92,200071560,200071564,5,,microlensing-events,MOA-2016-BLG-197,MOA-2016-BLG-197,MOA-2016-BLG-197,
OGLE-2016-BLG-0497,92,200071463,200071467,5,,microlensing-events,OGLE-2016-BLG-0497,OGLE-2016-BLG-0497,OGLE-2016-BLG-0497,
OGLE-2016-BLG-0586,92,200071492,200071496,5,,microlensing-events,OGLE-2016-BLG-0586,OGLE-2016-BLG-0586,OGLE-2016-BLG-0586,
OGLE-2016-BLG-0570,92,200071487,200071491,5,,microlensing-events,OGLE-2016-BLG-0570,OGLE-2016-BLG-0570,OGLE-2016-BLG-0570,
OGLE-2016-BLG-0313,92,200071583,200071587,5,,microlensing-events,OGLE-2016-BLG-0313,OGLE-2016-BLG-0313,OGLE-2016-BLG-0313,
OGLE-2016-BLG-0759,92,200071555,200071559,5,,microlensing-events,OGLE-2016-BLG-0759,OGLE-2016-BLG-0759,OGLE-2016-BLG-0759,
OGLE-2016-BLG-0697,92,200071532,200071536,5,,microlensing-events,OGLE-2016-BLG-0697,OGLE-2016-BLG-0697,OGLE-2016-BLG-0697,
OGLE-2016-BLG-0324,92,200071430,200071434,5,,microlensing-events,OGLE-2016-BLG-0324,OGLE-2016-BLG-0324,OGLE-2016-BLG-0324,
OGLE-2016-BLG-0621,92,200071502,200071506,5,,microlensing-events,OGLE-2016-BLG-0621,OGLE-2016-BLG-0621,OGLE-2016-BLG-0621,
OGLE-2016-BLG-0651,92,200071507,200071511,5,,microlensing-events,OGLE-2016-BLG-0651,OGLE-2016-BLG-0651,OGLE-2016-BLG-0651,
OGLE-2016-BLG-0367,92,200071435,200071439,5,,microlensing-events,OGLE-2016-BLG-0367,OGLE-2016-BLG-0367,OGLE-2016-BLG-0367,
OGLE-2016-BLG-0065,91,200071220,200071224,5,,microlensing-events,OGLE-2016-BLG-0065,OGLE-2016-BLG-0065,OGLE-2016-BLG-0065,
OGLE-2016-BLG-0335,92,200071588,200071592,5,,microlensing-events,OGLE-2016-BLG-0335,OGLE-2016-BLG-0335,OGLE-2016-BLG-0335,
M80,2,200004386,200004389,4,,cluster,M80,M80,M80,
MOA-2016-BLG-023,92,200071377,200071380,4,,microlensing-events,MOA-2016-BLG-023,MOA-2016-BLG-023,MOA-2016-BLG-023,
OGLE-2016-BLG-0079,91,200071243,200071246,4,,microlensing-events,OGLE-2016-BLG-0079,OGLE-2016-BLG-0079,OGLE-2016-BLG-0079,
OGLE-2016-BLG-0531,92,200071478,200071481,4,,microlensing-events,OGLE-2016-BLG-0531,OGLE-2016-BLG-0531,OGLE-2016-BLG-0531,
OGLE-2016-BLG-0422,92,200071445,200071447,3,,microlensing-events,OGLE-2016-BLG-0422,OGLE-2016-BLG-0422,OGLE-2016-BLG-0422,
OGLE-2016-BLG-0753,92,200071552,200071554,3,,microlensing-events,OGLE-2016-BLG-0753,OGLE-2016-BLG-0753,OGLE-2016-BLG-0753,
OGLE-2016-BLG-0119,91,200071279,200071281,3,,microlensing-events,OGLE-2016-BLG-0119,OGLE-2016-BLG-0119,OGLE-2016-BLG-0119,
Bright Stars.HR 5806,15,200194916,200194916,1,249393725.0,bright stars,HR 5806,Bright Stars.HR 5806,HR 5806,
Large Galaxies.MRK 1263,14,200182990,200182990,1,,Large Galaxies,MRK 1263,Large Galaxies.MRK 1263,MRK 1263,
Bright Stars.48_LEO,14,200182926,200182926,1,248642920.0,bright stars,48_LEO,Bright Stars.48_LEO,48_LEO,
EPS PSC,8,220549896,220549896,1,,bright stars,EPS PSC,EPS PSC,EPS PSC,
Bright Stars.HR 5620,15,200194920,200194920,1,249476789.0,bright stars,HR 5620,Bright Stars.HR 5620,HR 5620,
ZET PSC,8,220536030,220536030,1,,bright stars,ZET PSC,ZET PSC,ZET PSC,
Bright Stars.GAMMA LIB,15,200194911,200194911,1,250058258.0,bright stars,GAMMA LIB,Bright Stars.GAMMA LIB,GAMMA LIB,
Bright Stars.HR 5762,15,200194915,200194915,1,249666276.0,bright stars,HR 5762,Bright Stars.HR 5762,HR 5762,
42 CET,8,220186864,220186864,1,,bright stars,42 CET,42 CET,42 CET,
TNO (225088) 2007 OR10,3,200004467,200004467,1,,TNO, (225088) 2007 OR10,TNO (225088) 2007 OR10,TNO (225088 2007 OR10,
Large Galaxies.NGC 3306,14,200182986,200182986,1,,Large Galaxies,NGC 3306,Large Galaxies.NGC 3306,NGC 3306,
Bright Stars.41 LIB,15,200194913,200194913,1,249694513.0,bright stars,41 LIB,Bright Stars.41 LIB,41 LIB,
Large Galaxies.Leo_dw_A,14,200182980,200182980,1,,Large Galaxies,Leo_dw_A,Large Galaxies.Leo_dw_A,Leo_dw_A,
33 CET,8,220291034,220291034,1,,bright stars,33 CET,33 CET,33 CET,
WW PSC,8,220487484,220487484,1,,bright stars,WW PSC,WW PSC,WW PSC,
Bright Stars.RHO_LEO,14,200182931,200182931,1,248742835.0,bright stars,RHO_LEO,Bright Stars.RHO_LEO,RHO_LEO,
80 PSC,8,220448416,220448416,1,,bright stars,80 PSC,80 PSC,80 PSC,
Bright Stars.DELTA SCO,15,200194910,200194910,1,204365093.0,bright stars,DELTA SCO,Bright Stars.DELTA SCO,DELTA SCO,
HR 243,8,220335172,220335172,1,,bright stars,HR 243,HR 243,HR 243,
Bright Stars.HR 5810,15,200194918,200194918,1,249558073.0,bright stars,HR 5810,Bright Stars.HR 5810,HR 5810,
Bright Stars.43_LEO,14,200182930,200182930,1,248626523.0,bright stars,43_LEO,Bright Stars.43_LEO,43_LEO,
Large Galaxies.NGC 3246,14,200182985,200182985,1,,Large Galaxies,NGC 3246,Large Galaxies.NGC 3246,NGC 3246,
HR 161,8,220323358,220323358,1,,bright stars,HR 161,HR 161,HR 161,
Bright Stars.IOTA1 LIB,15,200194912,200194912,1,249657024.0,bright stars,IOTA1 LIB,Bright Stars.IOTA1 LIB,IOTA1 LIB,
2002 GV31,1,200001049,200001049,1,,TNO,2002 GV31,2002 GV31,2002 GV31,2002 GV31|469438
Large Galaxies.AGC202024,14,200182979,200182979,1,,Large Galaxies,AGC202024,Large Galaxies.AGC202024,AGC202024,
Bright Stars.58_LEO,14,200182925,200182925,1,201698740.0,bright stars,58_LEO,Bright Stars.58_LEO,58_LEO,
Bright Stars.ZETA3 LIB,15,200194917,200194917,1,249902398.0,bright stars,ZETA3 LIB,Bright Stars.ZETA3 LIB,ZETA3 LIB,
60 PSC,8,220498764,220498764,1,,bright stars,60 PSC,60 PSC,60 PSC,
Bright Stars.IOTA2 LIB,15,200194919,200194919,1,249668023.0,bright stars,IOTA2 LIB,Bright Stars.IOTA2 LIB,IOTA2 LIB,
TNO (225088) 2007 OR10 ,3,200004466,200004466,1,,TNO, (225088) 2007 OR10 ,TNO (225088) 2007 OR10 ,TNO (225088 2007 OR10 ,
Bright Stars.HD 138810,15,200194958,200194958,1,249859308.0,bright stars,HD 138810,Bright Stars.HD 138810,HD 138810,
Large Galaxies.VIII Zw 081,14,200182987,200182987,1,,Large Galaxies,VIII Zw 081,Large Galaxies.VIII Zw 081,VIII Zw 081,
Star.Wolf-359,14,201885041,201885041,1,201885041.0,Star,Star.Wolf-359,Star.Wolf-359,Wolf-359,
Large Galaxies.NGC 3433,14,200182984,200182984,1,,Large Galaxies,NGC 3433,Large Galaxies.NGC 3433,NGC 3433,
Large Galaxies.NGC 3299,14,200182981,200182981,1,,Large Galaxies,NGC 3299,Large Galaxies.NGC 3299,NGC 3299,
Large Galaxies.NGC 3389,14,200182982,200182982,1,,Large Galaxies,NGC 3389,Large Galaxies.NGC 3389,NGC 3389,
Bright Stars.ZETA4 LIB,15,200194914,200194914,1,249882509.0,bright stars,ZETA4 LIB,Bright Stars.ZETA4 LIB,ZETA4 LIB,
Large Galaxies.NGC 3279,14,200182983,200182983,1,,Large Galaxies,NGC 3279,Large Galaxies.NGC 3279,NGC 3279,
Large Galaxies.UGC05708,14,200182988,200182988,1,,Large Galaxies,UGC05708,Large Galaxies.UGC05708,UGC05708,
Bright Stars.35_SEX,14,200182929,200182929,1,248557606.0,bright stars,35_SEX,Bright Stars.35_SEX,35_SEX,
73 PSC,8,220448752,220448752,1,,bright stars,73 PSC,73 PSC,73 PSC,
Large Galaxies.MRK 1271,14,200182989,200182989,1,,Large Galaxies,MRK 1271,Large Galaxies.MRK 1271,MRK 1271,
Bright Stars.L_LEO,14,200182928,200182928,1,248794270.0,bright stars,L_LEO,Bright Stars.L_LEO,L_LEO,
Bright Stars.P04_LEO,14,200182927,200182927,1,201594287.0,bright stars,P04_LEO,Bright Stars.P04_LEO,P04_LEO,
Bright Stars.28 LIB,15,200194921,200194921,1,249780290.0,bright stars,28 LIB,Bright Stars.28 LIB,28 LIB,
TRAPPIST-1,12,246199087,246199087,1,,Star,TRAPPIST-1,TRAPPIST-1,TRAPPIST-1,
Bright Stars,13,246875074,246875074,1,246875074.0,Bright Stars,,246875074,246875074,
Bright Stars,13,210754593,210754593,1,210754593.0,Bright Stars,,210754593,210754593,
Bright Stars,13,210528045,210528045,1,210528045.0,Bright Stars,,210528045,210528045,
Bright Stars,13,210533748,210533748,1,210533748.0,Bright Stars,,210533748,210533748,
Bright Stars,13,210956961,210956961,1,210956961.0,Bright Stars,,210956961,210956961,
Bright Stars,13,210989874,210989874,1,210989874.0,Bright Stars,,210989874,210989874,
Bright Stars,13,210668871,210668871,1,210668871.0,Bright Stars,,210668871,210668871,
Bright Stars,13,247599022,247599022,1,247599022.0,Bright Stars,,247599022,247599022,
Bright Stars,13,246721980,246721980,1,246721980.0,Bright Stars,,246721980,246721980,
Bright Stars,13,210559378,210559378,1,210559378.0,Bright Stars,,210559378,210559378,
Bright Stars,13,246769329,246769329,1,246769329.0,Bright Stars,,246769329,246769329,
Bright Stars,13,246786764,246786764,1,246786764.0,Bright Stars,,246786764,246786764,
Bright Stars,13,210548567,210548567,1,210548567.0,Bright Stars,,210548567,210548567,
Bright Stars,13,246828837,246828837,1,246828837.0,Bright Stars,,246828837,246828837,
Bright Stars,13,247117838,247117838,1,247117838.0,Bright Stars,,247117838,247117838,
Bright Stars,13,246941331,246941331,1,246941331.0,Bright Stars,,246941331,246941331,
Bright Stars,13,210950988,210950988,1,210950988.0,Bright Stars,,210950988,210950988,
Bright Stars,13,246795385,246795385,1,246795385.0,Bright Stars,,246795385,246795385,
Bright Stars,13,210924194,210924194,1,210924194.0,Bright Stars,,210924194,210924194,
Bright Stars,13,247733919,247733919,1,247733919.0,Bright Stars,,247733919,247733919,
Bright Stars,13,210883911,210883911,1,210883911.0,Bright Stars,,210883911,210883911,
Bright Stars,13,210912133,210912133,1,210912133.0,Bright Stars,,210912133,210912133,
Bright Stars,13,210513593,210513593,1,210513593.0,Bright Stars,,210513593,210513593,
Bright Stars,13,210914621,210914621,1,210914621.0,Bright Stars,,210914621,210914621,
Bright Stars,13,246827687,246827687,1,246827687.0,Bright Stars,,246827687,246827687,
Bright Stars,13,247437885,247437885,1,247437885.0,Bright Stars,,247437885,247437885,
Bright Stars,13,247893813,247893813,1,247893813.0,Bright Stars,,247893813,247893813,
Bright Stars,13,246738099,246738099,1,246738099.0,Bright Stars,,246738099,246738099,
Bright Stars,13,247385294,247385294,1,247385294.0,Bright Stars,,247385294,247385294,
Bright Stars,13,247254216,247254216,1,247254216.0,Bright Stars,,247254216,247254216,
Bright Stars,13,248242432,248242432,1,248242432.0,Bright Stars,,248242432,248242432,
Bright Stars,13,210745602,210745602,1,210745602.0,Bright Stars,,210745602,210745602,
Bright Stars,13,247220058,247220058,1,247220058.0,Bright Stars,,247220058,247220058,
Bright Stars,10,229002496,229002496,1,229002496.0,Bright Stars,,229002496,229002496,
Bright Stars,10,201419191,201419191,1,201419191.0,Bright Stars,,201419191,201419191,
Bright Stars,10,228738487,228738487,1,228738487.0,Bright Stars,,228738487,228738487,
Bright Stars,10,229144017,229144017,1,229144017.0,Bright Stars,,229144017,229144017,
Bright Stars,10,228995300,228995300,1,228995300.0,Bright Stars,,228995300,228995300,
Bright Stars,10,201345873,201345873,1,201345873.0,Bright Stars,,201345873,201345873,
Bright Stars,10,201255019,201255019,1,201255019.0,Bright Stars,,201255019,201255019,
Bright Stars,10,228843299,228843299,1,228843299.0,Bright Stars,,228843299,228843299,
Bright Stars,112,234917815,234917815,1,234917815.0,Bright Stars,,234917815,234917815,
Bright Stars,112,235100201,235100201,1,235100201.0,Bright Stars,,235100201,235100201,
Bright Stars,112,235621551,235621551,1,235621551.0,Bright Stars,,235621551,235621551,
Bright Stars,112,224598855,224598855,1,224598855.0,Bright Stars,,224598855,224598855,
Bright Stars,112,235077559,235077559,1,235077559.0,Bright Stars,,235077559,235077559,
Bright Stars,112,234014060,234014060,1,234014060.0,Bright Stars,,234014060,234014060,
Bright Stars,112,230226062,230226062,1,230226062.0,Bright Stars,,230226062,230226062,
Bright Stars,112,233299908,233299908,1,233299908.0,Bright Stars,,233299908,233299908,
Bright Stars,112,235086415,235086415,1,235086415.0,Bright Stars,,235086415,235086415,
Bright Stars,112,231074816,231074816,1,231074816.0,Bright Stars,,231074816,231074816,
Bright Stars,112,236607658,236607658,1,236607658.0,Bright Stars,,236607658,236607658,
Bright Stars,111,234917815,234917815,1,234917815.0,Bright Stars,,234917815,234917815,
Bright Stars,111,235100201,235100201,1,235100201.0,Bright Stars,,235100201,235100201,
Bright Stars,111,235621551,235621551,1,235621551.0,Bright Stars,,235621551,235621551,
Bright Stars,111,224598855,224598855,1,224598855.0,Bright Stars,,224598855,224598855,
Bright Stars,111,235077559,235077559,1,235077559.0,Bright Stars,,235077559,235077559,
Bright Stars,111,234014060,234014060,1,234014060.0,Bright Stars,,234014060,234014060,
Bright Stars,111,230226062,230226062,1,230226062.0,Bright Stars,,230226062,230226062,
Bright Stars,111,233299908,233299908,1,233299908.0,Bright Stars,,233299908,233299908,
Bright Stars,111,235086415,235086415,1,235086415.0,Bright Stars,,235086415,235086415,
Bright Stars,111,231074816,231074816,1,231074816.0,Bright Stars,,231074816,231074816,
Bright Stars,111,236607658,236607658,1,236607658.0,Bright Stars,,236607658,236607658,
Bright Stars,12,246469764,246469764,1,246469764.0,Bright Stars,,246469764,246469764,
Bright Stars,12,246074639,246074639,1,246074639.0,Bright Stars,,246074639,246074639,
Bright Stars,12,246295592,246295592,1,246295592.0,Bright Stars,,246295592,246295592,
Bright Stars,12,246215297,246215297,1,246215297.0,Bright Stars,,246215297,246215297,
Bright Stars,12,246391470,246391470,1,246391470.0,Bright Stars,,246391470,246391470,
Bright Stars,12,246008579,246008579,1,246008579.0,Bright Stars,,246008579,246008579,
Bright Stars,12,246103672,246103672,1,246103672.0,Bright Stars,,246103672,246103672,
Bright Stars,12,246440969,246440969,1,246440969.0,Bright Stars,,246440969,246440969,
Bright Custom,92,224683312,224683312,1,224683312.0,Bright Custom,,224683312,224683312,
Bright Custom,92,224751481,224751481,1,224751481.0,Bright Custom,,224751481,224751481,
Bright Custom,92,226366044,226366044,1,226366044.0,Bright Custom,,226366044,226366044,
Bright Custom,92,222747658,222747658,1,222747658.0,Bright Custom,,222747658,222747658,
Bright Custom,92,221795402,221795402,1,221795402.0,Bright Custom,,221795402,221795402,
Bright Custom,92,224417524,224417524,1,224417524.0,Bright Custom,,224417524,224417524,
Bright Custom,92,227731465,227731465,1,227731465.0,Bright Custom,,227731465,227731465,
Bright Custom,92,227153528,227153528,1,227153528.0,Bright Custom,,227153528,227153528,
Bright Custom,92,225295599,225295599,1,225295599.0,Bright Custom,,225295599,225295599,
Bright Custom,92,228208266,228208266,1,228208266.0,Bright Custom,,228208266,228208266,
Bright Custom,92,226520302,226520302,1,226520302.0,Bright Custom,,226520302,226520302,
Bright Custom,92,224373654,224373654,1,224373654.0,Bright Custom,,224373654,224373654,
Bright Custom,92,227232996,227232996,1,227232996.0,Bright Custom,,227232996,227232996,
Bright Custom,92,224082656,224082656,1,224082656.0,Bright Custom,,224082656,224082656,
Bright Custom,92,226008726,226008726,1,226008726.0,Bright Custom,,226008726,226008726,
Bright Custom,92,224416513,224416513,1,224416513.0,Bright Custom,,224416513,224416513,
Bright Custom,92,227176652,227176652,1,227176652.0,Bright Custom,,227176652,227176652,
Bright Custom,92,225617206,225617206,1,225617206.0,Bright Custom,,225617206,225617206,
Bright Custom,92,226452034,226452034,1,226452034.0,Bright Custom,,226452034,226452034,
Bright Custom,92,225171184,225171184,1,225171184.0,Bright Custom,,225171184,225171184,
Bright Custom,92,224460285,224460285,1,224460285.0,Bright Custom,,224460285,224460285,
Bright Custom,92,222285672,222285672,1,222285672.0,Bright Custom,,222285672,222285672,
Bright Custom,92,224352697,224352697,1,224352697.0,Bright Custom,,224352697,224352697,
Bright Custom,92,223738147,223738147,1,223738147.0,Bright Custom,,223738147,223738147,
Bright Custom,92,225747586,225747586,1,225747586.0,Bright Custom,,225747586,225747586,
Bright Custom,91,224683312,224683312,1,224683312.0,Bright Custom,,224683312,224683312,
Bright Custom,91,224751481,224751481,1,224751481.0,Bright Custom,,224751481,224751481,
Bright Custom,91,226366044,226366044,1,226366044.0,Bright Custom,,226366044,226366044,
Bright Custom,91,222747658,222747658,1,222747658.0,Bright Custom,,222747658,222747658,
Bright Custom,91,221795402,221795402,1,221795402.0,Bright Custom,,221795402,221795402,
Bright Custom,91,224417524,224417524,1,224417524.0,Bright Custom,,224417524,224417524,
Bright Custom,91,227731465,227731465,1,227731465.0,Bright Custom,,227731465,227731465,
Bright Custom,91,227153528,227153528,1,227153528.0,Bright Custom,,227153528,227153528,
Bright Custom,91,225295599,225295599,1,225295599.0,Bright Custom,,225295599,225295599,
Bright Custom,91,228208266,228208266,1,228208266.0,Bright Custom,,228208266,228208266,
Bright Custom,91,226520302,226520302,1,226520302.0,Bright Custom,,226520302,226520302,
Bright Custom,91,224373654,224373654,1,224373654.0,Bright Custom,,224373654,224373654,
Bright Custom,91,227232996,227232996,1,227232996.0,Bright Custom,,227232996,227232996,
Bright Custom,91,224082656,224082656,1,224082656.0,Bright Custom,,224082656,224082656,
Bright Custom,91,226008726,226008726,1,226008726.0,Bright Custom,,226008726,226008726,
Bright Custom,91,224416513,224416513,1,224416513.0,Bright Custom,,224416513,224416513,
Bright Custom,91,227176652,227176652,1,227176652.0,Bright Custom,,227176652,227176652,
Bright Custom,91,225617206,225617206,1,225617206.0,Bright Custom,,225617206,225617206,
Bright Custom,91,226452034,226452034,1,226452034.0,Bright Custom,,226452034,226452034,
Bright Custom,91,225171184,225171184,1,225171184.0,Bright Custom,,225171184,225171184,
Bright Custom,91,224460285,224460285,1,224460285.0,Bright Custom,,224460285,224460285,
Bright Custom,91,222285672,222285672,1,222285672.0,Bright Custom,,222285672,222285672,
Bright Custom,91,224352697,224352697,1,224352697.0,Bright Custom,,224352697,224352697,
Bright Custom,91,223738147,223738147,1,223738147.0,Bright Custom,,223738147,223738147,
Bright Custom,91,225747586,225747586,1,225747586.0,Bright Custom,,225747586,225747586,
Isolated Stars,92,200069387,200069387,1,200069387.0,Isolated Stars,,200069387,200069387,
Isolated Stars,92,200069388,200069388,1,200069388.0,Isolated Stars,,200069388,200069388,
Isolated Stars,92,200069389,200069389,1,200069389.0,Isolated Stars,,200069389,200069389,
Isolated Stars,92,200069390,200069390,1,200069390.0,Isolated Stars,,200069390,200069390,
Isolated Stars,91,200069387,200069387,1,200069387.0,Isolated Stars,,200069387,200069387,
Isolated Stars,91,200069388,200069388,1,200069388.0,Isolated Stars,,200069388,200069388,
Isolated Stars,91,200069389,200069389,1,200069389.0,Isolated Stars,,200069389,200069389,
Isolated Stars,91,200069390,200069390,1,200069390.0,Isolated Stars,,200069390,200069390,
Bright Stars SC,13,247649941,247649941,1,247649941.0,Bright Stars SC,,247649941,247649941,
Bright Stars SC,13,246810368,246810368,1,246810368.0,Bright Stars SC,,246810368,246810368,
Bright Stars SC,13,210528045,210528045,1,210528045.0,Bright Stars SC,,210528045,210528045,
Bright Stars SC,13,210956961,210956961,1,210956961.0,Bright Stars SC,,210956961,210956961,
Bright Stars SC,13,210989874,210989874,1,210989874.0,Bright Stars SC,,210989874,210989874,
Bright Stars SC,13,246721980,246721980,1,246721980.0,Bright Stars SC,,246721980,246721980,
Bright Stars SC,13,210548567,210548567,1,210548567.0,Bright Stars SC,,210548567,210548567,
Bright Stars SC,13,247117838,247117838,1,247117838.0,Bright Stars SC,,247117838,247117838,
Bright Stars SC,13,210950988,210950988,1,210950988.0,Bright Stars SC,,210950988,210950988,
Large Galaxies,14,200182932,200182932,1,200182932.0,Large Galaxies,,200182932,200182932,
Large Galaxies,14,200182933,200182933,1,200182933.0,Large Galaxies,,200182933,200182933,
Large Galaxies,14,200182934,200182934,1,200182934.0,Large Galaxies,,200182934,200182934,
Large Galaxies,14,200182935,200182935,1,200182935.0,Large Galaxies,,200182935,200182935,
Large Galaxies,14,200182936,200182936,1,200182936.0,Large Galaxies,,200182936,200182936,
Large Galaxies,14,200182937,200182937,1,200182937.0,Large Galaxies,,200182937,200182937,
Large Galaxies,14,200182938,200182938,1,200182938.0,Large Galaxies,,200182938,200182938,
Large Galaxies,14,200182939,200182939,1,200182939.0,Large Galaxies,,200182939,200182939,
Large Galaxies,14,200182940,200182940,1,200182940.0,Large Galaxies,,200182940,200182940,
Large Galaxies,14,200182941,200182941,1,200182941.0,Large Galaxies,,200182941,200182941,
Large Galaxies,14,200182942,200182942,1,200182942.0,Large Galaxies,,200182942,200182942,
Large Galaxies,14,200182943,200182943,1,200182943.0,Large Galaxies,,200182943,200182943,
Large Galaxies,14,200182944,200182944,1,200182944.0,Large Galaxies,,200182944,200182944,
Large Galaxies,14,200182945,200182945,1,200182945.0,Large Galaxies,,200182945,200182945,
Large Galaxies,14,200182946,200182946,1,200182946.0,Large Galaxies,,200182946,200182946,
Large Galaxies,14,200182947,200182947,1,200182947.0,Large Galaxies,,200182947,200182947,
Large Galaxies,14,200182948,200182948,1,200182948.0,Large Galaxies,,200182948,200182948,
Large Galaxies,14,200182949,200182949,1,200182949.0,Large Galaxies,,200182949,200182949,
Large Galaxies,14,200182950,200182950,1,200182950.0,Large Galaxies,,200182950,200182950,
Large Galaxies,14,200182951,200182951,1,200182951.0,Large Galaxies,,200182951,200182951,
Large Galaxies,14,200182952,200182952,1,200182952.0,Large Galaxies,,200182952,200182952,
Large Galaxies,14,200182953,200182953,1,200182953.0,Large Galaxies,,200182953,200182953,
Large Galaxies,14,200182954,200182954,1,200182954.0,Large Galaxies,,200182954,200182954,
Large Galaxies,14,200182955,200182955,1,200182955.0,Large Galaxies,,200182955,200182955,
Large Galaxies,14,200182956,200182956,1,200182956.0,Large Galaxies,,200182956,200182956,
Large Galaxies,14,200182957,200182957,1,200182957.0,Large Galaxies,,200182957,200182957,
Large Galaxies,14,200182958,200182958,1,200182958.0,Large Galaxies,,200182958,200182958,
Large Galaxies,14,200182959,200182959,1,200182959.0,Large Galaxies,,200182959,200182959,
Large Galaxies,14,200182960,200182960,1,200182960.0,Large Galaxies,,200182960,200182960,
Large Galaxies,14,200182961,200182961,1,200182961.0,Large Galaxies,,200182961,200182961,
Large Galaxies,14,200182962,200182962,1,200182962.0,Large Galaxies,,200182962,200182962,
Large Galaxies,14,200182963,200182963,1,200182963.0,Large Galaxies,,200182963,200182963,
Large Galaxies,14,200182964,200182964,1,200182964.0,Large Galaxies,,200182964,200182964,
Large Galaxies,14,200182965,200182965,1,200182965.0,Large Galaxies,,200182965,200182965,
Large Galaxies,14,200182966,200182966,1,200182966.0,Large Galaxies,,200182966,200182966,
Large Galaxies,14,200182967,200182967,1,200182967.0,Large Galaxies,,200182967,200182967,
Large Galaxies,14,200182968,200182968,1,200182968.0,Large Galaxies,,200182968,200182968,
Large Galaxies,14,200182969,200182969,1,200182969.0,Large Galaxies,,200182969,200182969,
Large Galaxies,14,200182970,200182970,1,200182970.0,Large Galaxies,,200182970,200182970,
Large Galaxies,14,200182971,200182971,1,200182971.0,Large Galaxies,,200182971,200182971,
Large Galaxies,14,200182972,200182972,1,200182972.0,Large Galaxies,,200182972,200182972,
Large Galaxies,14,200182973,200182973,1,200182973.0,Large Galaxies,,200182973,200182973,
Large Galaxies,14,200182974,200182974,1,200182974.0,Large Galaxies,,200182974,200182974,
Large Galaxies,14,200182975,200182975,1,200182975.0,Large Galaxies,,200182975,200182975,
Large Galaxies,14,200182976,200182976,1,200182976.0,Large Galaxies,,200182976,200182976,
Large Galaxies,14,200182977,200182977,1,200182977.0,Large Galaxies,,200182977,200182977,
Large Galaxies,14,200182978,200182978,1,200182978.0,Large Galaxies,,200182978,200182978,
Large Galaxies,10,229008183,229008183,1,229008183.0,Large Galaxies,,229008183,229008183,
Large Galaxies,10,228986144,228986144,1,228986144.0,Large Galaxies,,228986144,228986144,
Large Galaxies,10,201236148,201236148,1,201236148.0,Large Galaxies,,201236148,201236148,
Large Galaxies,10,201180949,201180949,1,201180949.0,Large Galaxies,,201180949,201180949,
Large Galaxies,10,201582525,201582525,1,201582525.0,Large Galaxies,,201582525,201582525,
Large Galaxies,10,228871040,228871040,1,228871040.0,Large Galaxies,,228871040,228871040,
Large Galaxies,10,228890542,228890542,1,228890542.0,Large Galaxies,,228890542,228890542,
Large Galaxies,10,228890608,228890608,1,228890608.0,Large Galaxies,,228890608,228890608,
Large Galaxies,10,228994107,228994107,1,228994107.0,Large Galaxies,,228994107,228994107,
Large Galaxies,10,228968511,228968511,1,228968511.0,Large Galaxies,,228968511,228968511,
Large Galaxies,10,228975107,228975107,1,228975107.0,Large Galaxies,,228975107,228975107,
Large Galaxies,10,201377996,201377996,1,201377996.0,Large Galaxies,,201377996,201377996,
Large Galaxies,10,228993931,228993931,1,228993931.0,Large Galaxies,,228993931,228993931,
Large Galaxies,10,228957217,228957217,1,228957217.0,Large Galaxies,,228957217,228957217,
Large Galaxies,10,228957249,228957249,1,228957249.0,Large Galaxies,,228957249,228957249,
Large Galaxies,10,228957288,228957288,1,228957288.0,Large Galaxies,,228957288,228957288,
Large Galaxies,10,228834149,228834149,1,228834149.0,Large Galaxies,,228834149,228834149,
Large Galaxies,10,228839467,228839467,1,228839467.0,Large Galaxies,,228839467,228839467,
Large Galaxies,10,228835410,228835410,1,228835410.0,Large Galaxies,,228835410,228835410,
Large Galaxies,10,228835423,228835423,1,228835423.0,Large Galaxies,,228835423,228835423,
Large Galaxies,10,229127653,229127653,1,229127653.0,Large Galaxies,,229127653,229127653,
Large Galaxies,10,201562326,201562326,1,201562326.0,Large Galaxies,,201562326,201562326,
Large Galaxies,10,201562141,201562141,1,201562141.0,Large Galaxies,,201562141,201562141,
Large Galaxies,10,229084471,229084471,1,229084471.0,Large Galaxies,,229084471,229084471,
Large Galaxies,10,229084469,229084469,1,229084469.0,Large Galaxies,,229084469,229084469,
Large Galaxies,10,229142373,229142373,1,229142373.0,Large Galaxies,,229142373,229142373,
Large Galaxies,10,229148229,229148229,1,229148229.0,Large Galaxies,,229148229,229148229,
Large Galaxies,112,251248364,251248364,1,251248364.0,Large Galaxies,,251248364,251248364,
Large Galaxies,111,251248364,251248364,1,251248364.0,Large Galaxies,,251248364,251248364,
